;;---------- ВОЖДЕНИЕ АВТО ----------
Значение;Дата;Название
"‪⁨‎58м⁩ ⁨‎36с⁩‬‬‎, к ⁦‎21:‎30⁩";"14 июн. 2021 г.";""
;;---------- ПРОКРАСТИНАЦИЯ ----------
Значение;Дата;Название
"⁦‎10:‎00⁩ - ⁦‎11:‎00⁩";"4 авг. 2021 г.";""
"⁦‎11:‎00⁩ - ⁦‎12:‎40⁩";"2 авг. 2021 г.";""
;;---------- Ютуб развлекателтный ----------
Значение;Дата;Название
"⁦‎16:‎09⁩ - ⁦‎16:‎24⁩";"4 авг. 2021 г.";""
"⁦‎16:‎00⁩ - ⁦‎16:‎09⁩";"4 авг. 2021 г.";""
"⁦‎22:‎00⁩ - ⁦‎00:‎20⁩";"⁦02⁩ - ⁦03 авг. 2021⁩";""
"⁦‎15:‎16⁩ - ⁦‎17:‎25⁩";"16 июл. 2021 г.";""
"⁦‎14:‎00⁩ - ⁦‎18:‎00⁩";"15 июл. 2021 г.";""
"⁦‎17:‎07⁩ - ⁦‎18:‎31⁩";"14 июл. 2021 г.";""
"⁦‎15:‎00⁩ - ⁦‎17:‎05⁩";"14 июл. 2021 г.";"Слушаю фоном про free"
"⁦‎19:‎14⁩ - ⁦‎19:‎27⁩";"13 июл. 2021 г.";""
"⁦‎17:‎23⁩ - ⁦‎18:‎56⁩";"13 июл. 2021 г.";""
"⁦‎16:‎31⁩ - ⁦‎17:‎23⁩";"13 июл. 2021 г.";"Мартынов"
"⁦‎13:‎19⁩ - ⁦‎13:‎28⁩";"12 июл. 2021 г.";""
"⁦‎13:‎10⁩ - ⁦‎13:‎15⁩";"12 июл. 2021 г.";""
;;---------- Гараж ----------
Значение;Дата;Название
"⁦‎21:‎30⁩ - ⁦‎22:‎45⁩";"15 июл. 2021 г.";""
"⁦‎20:‎36⁩ - ⁦‎23:‎03⁩";"13 июл. 2021 г.";""
"⁦‎21:‎30⁩ - ⁦‎23:‎50⁩";"12 июл. 2021 г.";"Ремонт вентиляции"
"⁦‎19:‎50⁩ - ⁦‎20:‎58⁩";"9 июл. 2021 г.";""
"⁦‎19:‎00⁩ - ⁦‎19:‎39⁩";"9 июл. 2021 г.";""
"⁦‎17:‎13⁩ - ⁦‎20:‎41⁩";"8 июл. 2021 г.";""
"⁦‎19:‎30⁩ - ⁦‎20:‎30⁩";"6 июл. 2021 г.";""
"⁦‎15:‎14⁩ - ⁦‎16:‎29⁩";"6 июл. 2021 г.";""
"⁦‎12:‎32⁩ - ⁦‎14:‎58⁩";"3 июл. 2021 г.";""
"⁦‎21:‎30⁩ - ⁦‎22:‎30⁩";"29 июн. 2021 г.";""
"⁦‎13:‎45⁩ - ⁦‎14:‎45⁩";"22 июн. 2021 г.";""
"⁦‎18:‎20⁩ - ⁦‎21:‎21⁩";"17 июн. 2021 г.";""
"⁦‎13:‎33⁩ - ⁦‎15:‎28⁩";"17 июн. 2021 г.";""
"⁦‎11:‎39⁩ - ⁦‎12:‎34⁩";"16 июн. 2021 г.";""
"⁦‎16:‎31⁩ - ⁦‎21:‎52⁩";"15 июн. 2021 г.";""
"⁦‎12:‎00⁩ - ⁦‎17:‎25⁩";"14 июн. 2021 г.";""
"⁦‎22:‎17⁩ - ⁦‎00:‎00⁩";"⁦12⁩ - ⁦13 июн. 2021⁩";""
"⁦‎14:‎42⁩ - ⁦‎16:‎06⁩";"12 июн. 2021 г.";""
"⁦‎12:‎19⁩ - ⁦‎12:‎36⁩";"12 июн. 2021 г.";""
"⁦‎10:‎14⁩ - ⁦‎11:‎45⁩";"12 июн. 2021 г.";""
"⁦‎20:‎21⁩ - ⁦‎22:‎21⁩";"9 июн. 2021 г.";""
"‪⁨‎1с⁩‬‬‎, к ⁦‎20:‎21⁩";"9 июн. 2021 г.";""
"⁦‎20:‎16⁩ - ⁦‎20:‎21⁩";"9 июн. 2021 г.";""
"⁦‎20:‎11⁩ - ⁦‎20:‎16⁩";"9 июн. 2021 г.";""
;;---------- Стирка ----------
Значение;Дата;Название
"⁦‎12:‎00⁩ - ⁦‎13:‎25⁩";"2 авг. 2021 г.";""
;;---------- Работа ----------
Значение;Дата;Название
"⁦‎14:‎04⁩ - ⁦‎16:‎24⁩";"5 июл. 2021 г.";""
"⁦‎10:‎42⁩ - ⁦‎13:‎03⁩";"5 июл. 2021 г.";""
"⁦‎13:‎55⁩ - ⁦‎16:‎19⁩";"29 июн. 2021 г.";""
"⁦‎10:‎34⁩ - ⁦‎12:‎32⁩";"29 июн. 2021 г.";""
"⁦‎19:‎06⁩ - ⁦‎19:‎29⁩";"24 июн. 2021 г.";""
"⁦‎18:‎00⁩ - ⁦‎18:‎15⁩";"24 июн. 2021 г.";""
;;---------- Проекты на работе ----------
Значение;Дата;Название
"⁦‎14:‎26⁩ - ⁦‎16:‎24⁩";"4 авг. 2021 г.";""
"⁦‎11:‎10⁩ - ⁦‎13:‎10⁩";"4 авг. 2021 г.";""
"⁦‎11:‎37⁩ - ⁦‎16:‎52⁩";"3 авг. 2021 г.";""
"⁦‎13:‎21⁩ - ⁦‎15:‎23⁩";"2 авг. 2021 г.";""
"⁦‎13:‎01⁩ - ⁦‎13:‎09⁩";"2 авг. 2021 г.";""
"⁦‎15:‎16⁩ - ⁦‎17:‎25⁩";"16 июл. 2021 г.";""
"⁦‎10:‎00⁩ - ⁦‎15:‎16⁩";"16 июл. 2021 г.";""
"⁦‎15:‎44⁩ - ⁦‎18:‎35⁩";"15 июл. 2021 г.";""
"⁦‎09:‎45⁩ - ⁦‎15:‎40⁩";"15 июл. 2021 г.";""
"⁦‎15:‎41⁩ - ⁦‎18:‎31⁩";"14 июл. 2021 г.";""
"⁦‎10:‎03⁩ - ⁦‎15:‎40⁩";"14 июл. 2021 г.";""
"⁦‎14:‎30⁩ - ⁦‎18:‎56⁩";"13 июл. 2021 г.";""
"⁦‎12:‎17⁩ - ⁦‎13:‎15⁩";"13 июл. 2021 г.";""
"⁦‎10:‎41⁩ - ⁦‎10:‎52⁩";"13 июл. 2021 г.";""
"⁦‎12:‎32⁩ - ⁦‎13:‎14⁩";"12 июл. 2021 г.";""
"⁦‎12:‎00⁩ - ⁦‎12:‎32⁩";"12 июл. 2021 г.";""
"⁦‎14:‎24⁩ - ⁦‎16:‎46⁩";"7 июл. 2021 г.";""
"⁦‎11:‎56⁩ - ⁦‎13:‎01⁩";"7 июл. 2021 г.";""
"⁦‎16:‎45⁩ - ⁦‎18:‎14⁩";"6 июл. 2021 г.";""
"⁦‎12:‎53⁩ - ⁦‎14:‎12⁩";"6 июл. 2021 г.";""
"⁦‎12:‎10⁩ - ⁦‎12:‎12⁩";"6 июл. 2021 г.";""
"⁦‎10:‎36⁩ - ⁦‎11:‎35⁩";"6 июл. 2021 г.";""
"⁦‎14:‎41⁩ - ⁦‎17:‎52⁩";"2 июл. 2021 г.";""
"⁦‎12:‎00⁩ - ⁦‎13:‎25⁩";"2 июл. 2021 г.";"Ста"
"⁦‎14:‎43⁩ - ⁦‎18:‎25⁩";"1 июл. 2021 г.";""
"‪⁨‎1с⁩‬‬‎, к ⁦‎11:‎24⁩";"1 июл. 2021 г.";""
"⁦‎17:‎42⁩ - ⁦‎18:‎12⁩";"30 июн. 2021 г.";""
"⁦‎10:‎39⁩ - ⁦‎16:‎23⁩";"30 июн. 2021 г.";""
"⁦‎16:‎37⁩ - ⁦‎18:‎15⁩";"28 июн. 2021 г.";""
"⁦‎15:‎06⁩ - ⁦‎16:‎07⁩";"28 июн. 2021 г.";""
"⁦‎12:‎55⁩ - ⁦‎15:‎53⁩";"25 июн. 2021 г.";""
"⁦‎15:‎03⁩ - ⁦‎17:‎07⁩";"24 июн. 2021 г.";""
"⁦‎16:‎32⁩ - ⁦‎18:‎20⁩";"23 июн. 2021 г.";""
"⁦‎11:‎46⁩ - ⁦‎14:‎12⁩";"23 июн. 2021 г.";""
"⁦‎11:‎20⁩ - ⁦‎11:‎46⁩";"23 июн. 2021 г.";""
"⁦‎14:‎45⁩ - ⁦‎19:‎48⁩";"22 июн. 2021 г.";""
"⁦‎12:‎18⁩ - ⁦‎13:‎45⁩";"22 июн. 2021 г.";""
"⁦‎15:‎45⁩ - ⁦‎17:‎42⁩";"21 июн. 2021 г.";""
"‪⁨‎15м⁩ ⁨‎6с⁩‬‬‎, к ⁦‎14:‎57⁩";"21 июн. 2021 г.";""
"‪⁨‎1с⁩‬‬‎, к ⁦‎13:‎21⁩";"21 июн. 2021 г.";""
"⁦‎10:‎19⁩ - ⁦‎13:‎16⁩";"21 июн. 2021 г.";""
;;---------- Дорога на работу / обратно  ----------
Значение;Дата;Название
"⁦‎18:‎25⁩ - ⁦‎19:‎11⁩";"16 июл. 2021 г.";""
"⁦‎18:‎00⁩ - ⁦‎18:‎25⁩";"16 июл. 2021 г.";""
"⁦‎09:‎00⁩ - ⁦‎10:‎00⁩";"16 июл. 2021 г.";""
"⁦‎18:‎35⁩ - ⁦‎19:‎11⁩";"15 июл. 2021 г.";""
"⁦‎18:‎32⁩ - ⁦‎19:‎13⁩";"14 июл. 2021 г.";""
"⁦‎09:‎29⁩ - ⁦‎10:‎02⁩";"14 июл. 2021 г.";""
"⁦‎18:‎57⁩ - ⁦‎19:‎25⁩";"13 июл. 2021 г.";""
"⁦‎09:‎15⁩ - ⁦‎10:‎15⁩";"13 июл. 2021 г.";""
"⁦‎09:‎00⁩ - ⁦‎10:‎00⁩";"5 июл. 2021 г.";""
"⁦‎09:‎55⁩ - ⁦‎10:‎16⁩";"2 июл. 2021 г.";""
"⁦‎09:‎30⁩ - ⁦‎09:‎55⁩";"2 июл. 2021 г.";""
"⁦‎09:‎34⁩ - ⁦‎10:‎08⁩";"1 июл. 2021 г.";""
"⁦‎09:‎25⁩ - ⁦‎10:‎07⁩";"30 июн. 2021 г.";""
"⁦‎18:‎33⁩ - ⁦‎19:‎28⁩";"29 июн. 2021 г.";""
"⁦‎09:‎30⁩ - ⁦‎10:‎33⁩";"29 июн. 2021 г.";""
"⁦‎20:‎00⁩ - ⁦‎21:‎00⁩";"28 июн. 2021 г.";""
"⁦‎08:‎30⁩ - ⁦‎09:‎30⁩";"28 июн. 2021 г.";""
"⁦‎18:‎07⁩ - ⁦‎18:‎51⁩";"24 июн. 2021 г.";""
;;---------- Совещания ----------
Значение;Дата;Название
"⁦‎11:‎20⁩ - ⁦‎11:‎40⁩";"30 июн. 2021 г.";""
;;---------- Саморазвитие ----------
Значение;Дата;Название
"⁦‎11:‎56⁩ - ⁦‎13:‎16⁩";"21 июн. 2021 г.";""
;;---------- Курсы и тренинги ----------
Значение;Дата;Название
"⁦‎22:‎18⁩ - ⁦‎00:‎07⁩";"⁦11⁩ - ⁦12 июн. 2021⁩";""
;;---------- Прокачка в кодинге ----------
Значение;Дата;Название
"⁦‎10:‎13⁩ - ⁦‎11:‎45⁩";"14 июл. 2021 г.";""
"⁦‎10:‎02⁩ - ⁦‎10:‎12⁩";"14 июл. 2021 г.";"Ютуб слушаю, вики наполняю и тп"
"⁦‎14:‎30⁩ - ⁦‎15:‎31⁩";"13 июл. 2021 г.";""
"⁦‎13:‎54⁩ - ⁦‎15:‎24⁩";"12 июл. 2021 г.";""
"⁦‎13:‎40⁩ - ⁦‎13:‎54⁩";"12 июл. 2021 г.";"Портфолио для NujenSait"
"⁦‎21:‎30⁩ - ⁦‎22:‎27⁩";"7 июл. 2021 г.";""
"⁦‎17:‎27⁩ - ⁦‎18:‎33⁩";"6 июл. 2021 г.";""
"⁦‎11:‎08⁩ - ⁦‎11:‎35⁩";"6 июл. 2021 г.";""
"⁦‎11:‎00⁩ - ⁦‎11:‎08⁩";"6 июл. 2021 г.";""
"⁦‎12:‎47⁩ - ⁦‎13:‎02⁩";"5 июл. 2021 г.";""
"⁦‎12:‎30⁩ - ⁦‎12:‎47⁩";"5 июл. 2021 г.";"Solid"
"⁦‎14:‎49⁩ - ⁦‎14:‎58⁩";"2 июл. 2021 г.";""
"⁦‎14:‎30⁩ - ⁦‎14:‎38⁩";"2 июл. 2021 г.";""
"⁦‎17:‎09⁩ - ⁦‎17:‎30⁩";"30 июн. 2021 г.";""
"⁦‎16:‎07⁩ - ⁦‎17:‎09⁩";"30 июн. 2021 г.";"Go"
"⁦‎15:‎00⁩ - ⁦‎15:‎16⁩";"30 июн. 2021 г.";""
"⁦‎16:‎19⁩ - ⁦‎18:‎20⁩";"29 июн. 2021 г.";""
"⁦‎14:‎26⁩ - ⁦‎15:‎04⁩";"28 июн. 2021 г.";""
"⁦‎11:‎59⁩ - ⁦‎12:‎43⁩";"28 июн. 2021 г.";""
"⁦‎09:‎56⁩ - ⁦‎11:‎21⁩";"28 июн. 2021 г.";""
"⁦‎09:‎30⁩ - ⁦‎09:‎55⁩";"28 июн. 2021 г.";"Вики"
"⁦‎23:‎17⁩ - ⁦‎23:‎53⁩";"22 июн. 2021 г.";""
"⁦‎21:‎33⁩ - ⁦‎00:‎09⁩";"⁦11⁩ - ⁦12 июн. 2021⁩";""
;;---------- Общение по телефону ----------
Значение;Дата;Название
"⁦‎16:‎24⁩ - ⁦‎16:‎45⁩";"4 авг. 2021 г.";"Юра Исаенко"
"⁦‎11:‎30⁩ - ⁦‎12:‎04⁩";"24 июн. 2021 г.";"Исаенко"
;;---------- Общение с Вовой ----------
Значение;Дата;Название
"⁦‎13:‎48⁩ - ⁦‎14:‎42⁩";"9 июл. 2021 г.";""
"⁦‎13:‎31⁩ - ⁦‎13:‎42⁩";"9 июл. 2021 г.";""
"⁦‎13:‎00⁩ - ⁦‎13:‎28⁩";"9 июл. 2021 г.";"Поиск работы Вове"
;;---------- Общение Елена ----------
Значение;Дата;Название
"⁦‎22:‎35⁩ - ⁦‎23:‎48⁩";"29 июн. 2021 г.";""
"⁦‎10:‎45⁩ - ⁦‎11:‎20⁩";"22 июн. 2021 г.";""
"⁦‎17:‎20⁩ - ⁦‎18:‎05⁩";"21 июн. 2021 г.";"Созвон с Леной "
"⁦‎17:‎12⁩ - ⁦‎17:‎54⁩";"20 июн. 2021 г.";""
"⁦‎22:‎46⁩ - ⁦‎22:‎55⁩";"17 июн. 2021 г.";""
"⁦‎11:‎15⁩ - ⁦‎11:‎33⁩";"17 июн. 2021 г.";""
"⁦‎22:‎30⁩ - ⁦‎23:‎15⁩";"15 июн. 2021 г.";""
"⁦‎11:‎45⁩ - ⁦‎11:‎58⁩";"12 июн. 2021 г.";""
"⁦‎18:‎14⁩ - ⁦‎18:‎26⁩";"11 июн. 2021 г.";""
;;---------- Оптимизации процессов ----------
Значение;Дата;Название
"⁦‎21:‎03⁩ - ⁦‎21:‎16⁩";"11 июн. 2021 г.";""
"⁦‎20:‎51⁩ - ⁦‎21:‎00⁩";"11 июн. 2021 г.";""
"⁦‎20:‎04⁩ - ⁦‎20:‎50⁩";"11 июн. 2021 г.";""
;;---------- ЕДА (приём пищи)  ----------
Значение;Дата;Название
"⁦‎13:‎29⁩ - ⁦‎14:‎02⁩";"4 авг. 2021 г.";""
"⁦‎13:‎00⁩ - ⁦‎13:‎25⁩";"4 авг. 2021 г.";"Обед"
"⁦‎11:‎15⁩ - ⁦‎11:‎48⁩";"17 июл. 2021 г.";""
"⁦‎13:‎00⁩ - ⁦‎14:‎15⁩";"15 июл. 2021 г.";""
"⁦‎13:‎21⁩ - ⁦‎14:‎00⁩";"14 июл. 2021 г.";""
"⁦‎13:‎16⁩ - ⁦‎14:‎05⁩";"13 июл. 2021 г.";""
"⁦‎10:‎15⁩ - ⁦‎10:‎28⁩";"13 июл. 2021 г.";""
"⁦‎14:‎00⁩ - ⁦‎14:‎40⁩";"9 июл. 2021 г.";"Обед "
"⁦‎20:‎41⁩ - ⁦‎21:‎29⁩";"8 июл. 2021 г.";""
"⁦‎13:‎05⁩ - ⁦‎13:‎22⁩";"7 июл. 2021 г.";""
"⁦‎09:‎00⁩ - ⁦‎09:‎30⁩";"7 июл. 2021 г.";"Завтрак"
"⁦‎14:‎20⁩ - ⁦‎14:‎57⁩";"6 июл. 2021 г.";""
"⁦‎09:‎30⁩ - ⁦‎10:‎00⁩";"6 июл. 2021 г.";""
"⁦‎17:‎00⁩ - ⁦‎18:‎00⁩";"5 июл. 2021 г.";""
"⁦‎13:‎03⁩ - ⁦‎14:‎00⁩";"5 июл. 2021 г.";""
"⁦‎19:‎00⁩ - ⁦‎19:‎30⁩";"4 июл. 2021 г.";""
"⁦‎12:‎00⁩ - ⁦‎13:‎00⁩";"4 июл. 2021 г.";""
"⁦‎13:‎31⁩ - ⁦‎13:‎54⁩";"2 июл. 2021 г.";""
"⁦‎13:‎05⁩ - ⁦‎14:‎04⁩";"1 июл. 2021 г.";""
"⁦‎08:‎30⁩ - ⁦‎09:‎00⁩";"1 июл. 2021 г.";""
"⁦‎20:‎00⁩ - ⁦‎20:‎25⁩";"30 июн. 2021 г.";""
"⁦‎10:‎20⁩ - ⁦‎10:‎35⁩";"30 июн. 2021 г.";""
"⁦‎12:‎32⁩ - ⁦‎13:‎52⁩";"29 июн. 2021 г.";""
"⁦‎19:‎30⁩ - ⁦‎20:‎00⁩";"28 июн. 2021 г.";""
"⁦‎13:‎30⁩ - ⁦‎14:‎00⁩";"28 июн. 2021 г.";""
"⁦‎14:‎18⁩ - ⁦‎14:‎39⁩";"23 июн. 2021 г.";""
"⁦‎12:‎03⁩ - ⁦‎12:‎42⁩";"23 июн. 2021 г.";""
"⁦‎11:‎20⁩ - ⁦‎11:‎40⁩";"22 июн. 2021 г.";""
"‪⁨‎1ч⁩‬‬‎, к ⁦‎17:‎12⁩";"20 июн. 2021 г.";""
"⁦‎11:‎20⁩ - ⁦‎12:‎21⁩";"20 июн. 2021 г.";""
"⁦‎10:‎30⁩ - ⁦‎11:‎30⁩";"19 июн. 2021 г.";"Завтрак"
"⁦‎18:‎01⁩ - ⁦‎18:‎15⁩";"18 июн. 2021 г.";""
"⁦‎11:‎30⁩ - ⁦‎11:‎55⁩";"17 июн. 2021 г.";""
"⁦‎15:‎29⁩ - ⁦‎16:‎10⁩";"16 июн. 2021 г.";""
"⁦‎10:‎33⁩ - ⁦‎10:‎52⁩";"16 июн. 2021 г.";""
"⁦‎10:‎00⁩ - ⁦‎10:‎33⁩";"16 июн. 2021 г.";""
"⁦‎13:‎45⁩ - ⁦‎14:‎00⁩";"15 июн. 2021 г.";""
"⁦‎11:‎00⁩ - ⁦‎11:‎30⁩";"14 июн. 2021 г.";""
"⁦‎10:‎12⁩ - ⁦‎10:‎46⁩";"13 июн. 2021 г.";""
"⁦‎16:‎52⁩ - ⁦‎17:‎11⁩";"12 июн. 2021 г.";""
"⁦‎10:‎08⁩ - ⁦‎10:‎39⁩";"12 июн. 2021 г.";""
"⁦‎15:‎40⁩ - ⁦‎15:‎51⁩";"11 июн. 2021 г.";""
;;---------- Сон ----------
Значение;Дата;Название
"‪⁨‎0с⁩‬‬‎, к ⁦‎13:‎29⁩";"4 авг. 2021 г.";""
"⁦‎01:‎15⁩ - ⁦‎08:‎56⁩";"4 авг. 2021 г.";""
"⁦‎01:‎30⁩ - ⁦‎09:‎30⁩";"3 авг. 2021 г.";""
"⁦‎05:‎30⁩ - ⁦‎09:‎30⁩";"2 авг. 2021 г.";""
"⁦‎01:‎00⁩ - ⁦‎08:‎00⁩";"16 июл. 2021 г.";""
"⁦‎01:‎00⁩ - ⁦‎08:‎30⁩";"15 июл. 2021 г.";""
"⁦‎01:‎00⁩ - ⁦‎08:‎45⁩";"14 июл. 2021 г.";""
"⁦‎00:‎15⁩ - ⁦‎08:‎45⁩";"13 июл. 2021 г.";""
"⁦‎00:‎30⁩ - ⁦‎08:‎30⁩";"12 июл. 2021 г.";""
"⁦‎00:‎30⁩ - ⁦‎09:‎30⁩";"9 июл. 2021 г.";""
"⁦‎01:‎00⁩ - ⁦‎10:‎30⁩";"8 июл. 2021 г.";""
"⁦‎00:‎00⁩ - ⁦‎08:‎30⁩";"7 июл. 2021 г.";""
"⁦‎00:‎30⁩ - ⁦‎09:‎22⁩";"6 июл. 2021 г.";""
"⁦‎01:‎00⁩ - ⁦‎09:‎00⁩";"5 июл. 2021 г.";""
"⁦‎01:‎00⁩ - ⁦‎11:‎00⁩";"4 июл. 2021 г.";""
"⁦‎00:‎30⁩ - ⁦‎08:‎30⁩";"2 июл. 2021 г.";""
"⁦‎00:‎30⁩ - ⁦‎08:‎30⁩";"1 июл. 2021 г.";""
"⁦‎01:‎03⁩ - ⁦‎08:‎13⁩";"30 июн. 2021 г.";""
"⁦‎02:‎02⁩ - ⁦‎09:‎03⁩";"29 июн. 2021 г.";""
"⁦‎00:‎00⁩ - ⁦‎08:‎00⁩";"28 июн. 2021 г.";""
"⁦‎01:‎00⁩ - ⁦‎09:‎00⁩";"25 июн. 2021 г.";""
"⁦‎00:‎45⁩ - ⁦‎09:‎20⁩";"23 июн. 2021 г.";""
"⁦‎14:‎57⁩ - ⁦‎15:‎45⁩";"21 июн. 2021 г.";""
"⁦‎01:‎33⁩ - ⁦‎08:‎24⁩";"21 июн. 2021 г.";""
"⁦‎02:‎30⁩ - ⁦‎11:‎20⁩";"20 июн. 2021 г.";""
"⁦‎01:‎41⁩ - ⁦‎10:‎42⁩";"19 июн. 2021 г.";""
"⁦‎09:‎51⁩ - ⁦‎10:‎56⁩";"18 июн. 2021 г.";""
"⁦‎00:‎54⁩ - ⁦‎09:‎30⁩";"18 июн. 2021 г.";""
"‪⁨‎3с⁩‬‬‎, к ⁦‎18:‎51⁩";"17 июн. 2021 г.";""
"⁦‎02:‎07⁩ - ⁦‎10:‎24⁩";"17 июн. 2021 г.";""
"⁦‎02:‎00⁩ - ⁦‎10:‎00⁩";"16 июн. 2021 г.";""
"⁦‎01:‎03⁩ - ⁦‎10:‎17⁩";"15 июн. 2021 г.";""
"⁦‎01:‎30⁩ - ⁦‎01:‎34⁩";"15 июн. 2021 г.";""
"⁦‎02:‎00⁩ - ⁦‎11:‎00⁩";"14 июн. 2021 г.";""
"⁦‎02:‎11⁩ - ⁦‎10:‎12⁩";"13 июн. 2021 г.";""
"⁦‎00:‎49⁩ - ⁦‎10:‎07⁩";"12 июн. 2021 г.";""
;;---------- Путешествия и отдых ----------
Значение;Дата;Название
"⁦‎12:‎30⁩ - ⁦‎12:‎31⁩";"16 июн. 2021 г.";"Бородача"
;;---------- Прогулки ----------
Значение;Дата;Название
"⁦‎13:‎31⁩ - ⁦‎15:‎39⁩";"17 июл. 2021 г.";""
"⁦‎12:‎30⁩ - ⁦‎13:‎31⁩";"17 июл. 2021 г.";""
"⁦‎07:‎00⁩ - ⁦‎09:‎00⁩";"17 июл. 2021 г.";""
;;---------- Море плавание ----------
Значение;Дата;Название
"⁦‎10:‎00⁩ - ⁦‎11:‎15⁩";"17 июл. 2021 г.";""
;;---------- Трансферы на отдыхе ----------
Значение;Дата;Название
"⁦‎01:‎00⁩ - ⁦‎06:‎30⁩";"17 июл. 2021 г.";"Авиа и автобус "
;;---------- Сборы/разборы вещей ----------
Значение;Дата;Название
"⁦‎19:‎00⁩ - ⁦‎21:‎30⁩";"16 июл. 2021 г.";""
;;---------- Поиск вариантов по отдыху ----------
Значение;Дата;Название
"⁦‎16:‎30⁩ - ⁦‎16:‎50⁩";"8 июл. 2021 г.";""
"⁦‎11:‎30⁩ - ⁦‎12:‎10⁩";"8 июл. 2021 г.";""
;;---------- Досуг ----------
Значение;Дата;Название
"⁦‎19:‎03⁩ - ⁦‎20:‎56⁩";"30 июн. 2021 г.";""
"⁦‎12:‎30⁩ - ⁦‎14:‎29⁩";"20 июн. 2021 г.";"Чилим"
"⁦‎14:‎37⁩ - ⁦‎16:‎06⁩";"19 июн. 2021 г.";""
;;---------- Тусовки ----------
Значение;Дата;Название
"⁦‎19:‎22⁩ - ⁦‎19:‎45⁩";"1 июл. 2021 г.";""
;;---------- Просмотр ТВ ----------
Значение;Дата;Название
"⁦‎14:‎53⁩ - ⁦‎15:‎50⁩";"30 июн. 2021 г.";""
"⁦‎12:‎00⁩ - ⁦‎14:‎53⁩";"30 июн. 2021 г.";"Конф Путина"
"⁦‎00:‎12⁩ - ⁦‎00:‎45⁩";"23 июн. 2021 г.";""
"‪⁨‎1ч⁩‬‬‎, к ⁦‎00:‎54⁩";"18 июн. 2021 г.";""
"⁦‎22:‎20⁩ - ⁦‎22:‎41⁩";"17 июн. 2021 г.";""
"⁦‎00:‎34⁩ - ⁦‎01:‎00⁩";"17 июн. 2021 г.";""
"⁦‎22:‎00⁩ - ⁦‎22:‎58⁩";"16 июн. 2021 г.";""
"⁦‎22:‎00⁩ - ⁦‎00:‎10⁩";"⁦15⁩ - ⁦16 июн. 2021⁩";""
"⁦‎23:‎30⁩ - ⁦‎23:‎51⁩";"15 июн. 2021 г.";""
"⁦‎00:‎00⁩ - ⁦‎00:‎38⁩";"15 июн. 2021 г.";"Фильм"
"⁦‎01:‎17⁩ - ⁦‎02:‎11⁩";"13 июн. 2021 г.";""
;;---------- ЗДОРОВЬЕ И СПОРТ ----------
Значение;Дата;Название
"⁦‎19:‎00⁩ - ⁦‎19:‎30⁩";"2 авг. 2021 г.";"Балансборд "
"⁦‎22:‎17⁩ - ⁦‎22:‎54⁩";"8 июл. 2021 г.";""
"⁦‎21:‎44⁩ - ⁦‎21:‎52⁩";"8 июл. 2021 г.";""
"⁦‎20:‎00⁩ - ⁦‎20:‎30⁩";"4 июл. 2021 г.";"Электробайк"
"⁦‎15:‎24⁩ - ⁦‎17:‎19⁩";"4 июл. 2021 г.";""
"⁦‎21:‎00⁩ - ⁦‎21:‎30⁩";"29 июн. 2021 г.";"Самокат "
"⁦‎14:‎29⁩ - ⁦‎15:‎30⁩";"20 июн. 2021 г.";"Бадминтон "
"⁦‎14:‎00⁩ - ⁦‎15:‎20⁩";"16 июн. 2021 г.";""
"⁦‎14:‎31⁩ - ⁦‎16:‎13⁩";"15 июн. 2021 г.";""
;;---------- Велосипед ----------
Значение;Дата;Название
"⁦‎19:‎00⁩ - ⁦‎20:‎30⁩";"7 июл. 2021 г.";""
"⁦‎20:‎30⁩ - ⁦‎22:‎50⁩";"6 июл. 2021 г.";""
"⁦‎20:‎30⁩ - ⁦‎20:‎43⁩";"6 июл. 2021 г.";""
"⁦‎16:‎00⁩ - ⁦‎17:‎00⁩";"5 июл. 2021 г.";""
"⁦‎18:‎20⁩ - ⁦‎19:‎34⁩";"2 июл. 2021 г.";""
"⁦‎19:‎27⁩ - ⁦‎20:‎55⁩";"30 июн. 2021 г.";""
"⁦‎18:‎30⁩ - ⁦‎19:‎30⁩";"28 июн. 2021 г.";""
"⁦‎12:‎08⁩ - ⁦‎14:‎08⁩";"24 июн. 2021 г.";""
"⁦‎18:‎20⁩ - ⁦‎20:‎21⁩";"21 июн. 2021 г.";""
"⁦‎16:‎07⁩ - ⁦‎17:‎06⁩";"19 июн. 2021 г.";""
"⁦‎13:‎00⁩ - ⁦‎13:‎56⁩";"19 июн. 2021 г.";""
"⁦‎19:‎34⁩ - ⁦‎19:‎46⁩";"18 июн. 2021 г.";""
"⁦‎18:‎17⁩ - ⁦‎18:‎29⁩";"18 июн. 2021 г.";""
"⁦‎17:‎06⁩ - ⁦‎18:‎01⁩";"18 июн. 2021 г.";""
"⁦‎16:‎39⁩ - ⁦‎17:‎06⁩";"17 июн. 2021 г.";""
"⁦‎16:‎08⁩ - ⁦‎16:‎20⁩";"17 июн. 2021 г.";""
"⁦‎15:‎28⁩ - ⁦‎15:‎50⁩";"17 июн. 2021 г.";""
"⁦‎12:‎58⁩ - ⁦‎13:‎22⁩";"17 июн. 2021 г.";""
"⁦‎12:‎08⁩ - ⁦‎12:‎46⁩";"17 июн. 2021 г.";""
"⁦‎19:‎01⁩ - ⁦‎19:‎32⁩";"16 июн. 2021 г.";""
"⁦‎17:‎49⁩ - ⁦‎18:‎39⁩";"16 июн. 2021 г.";""
"⁦‎17:‎00⁩ - ⁦‎17:‎45⁩";"16 июн. 2021 г.";""
"⁦‎12:‎10⁩ - ⁦‎13:‎41⁩";"15 июн. 2021 г.";""
"⁦‎11:‎01⁩ - ⁦‎11:‎24⁩";"15 июн. 2021 г.";""
"⁦‎17:‎25⁩ - ⁦‎21:‎15⁩";"14 июн. 2021 г.";""
"⁦‎17:‎59⁩ - ⁦‎18:‎14⁩";"13 июн. 2021 г.";""
"⁦‎15:‎06⁩ - ⁦‎17:‎31⁩";"13 июн. 2021 г.";""
"‪⁨‎31с⁩‬‬‎, к ⁦‎13:‎53⁩";"12 июн. 2021 г.";""
"⁦‎12:‎36⁩ - ⁦‎13:‎52⁩";"12 июн. 2021 г.";""
"⁦‎14:‎09⁩ - ⁦‎15:‎37⁩";"11 июн. 2021 г.";""
;;---------- Ходьба ----------
Значение;Дата;Название
"⁦‎19:‎30⁩ - ⁦‎20:‎00⁩";"4 июл. 2021 г.";""
"⁦‎13:‎55⁩ - ⁦‎14:‎41⁩";"2 июл. 2021 г.";""
;;---------- Бассейн ----------
Значение;Дата;Название
"⁦‎08:‎20⁩ - ⁦‎09:‎00⁩";"16 июл. 2021 г.";""
"⁦‎19:‎29⁩ - ⁦‎20:‎35⁩";"13 июл. 2021 г.";""
"⁦‎10:‎14⁩ - ⁦‎11:‎21⁩";"9 июл. 2021 г.";""
"⁦‎15:‎30⁩ - ⁦‎15:‎45⁩";"4 июл. 2021 г.";""
"⁦‎08:‎42⁩ - ⁦‎09:‎19⁩";"30 июн. 2021 г.";""
"⁦‎09:‎54⁩ - ⁦‎10:‎55⁩";"25 июн. 2021 г.";""
"⁦‎09:‎43⁩ - ⁦‎10:‎42⁩";"23 июн. 2021 г.";""
"⁦‎09:‎33⁩ - ⁦‎10:‎39⁩";"22 июн. 2021 г.";""
"⁦‎09:‎00⁩ - ⁦‎09:‎33⁩";"22 июн. 2021 г.";""
;;---------- Фитнес ----------
Значение;Дата;Название
"⁦‎08:‎36⁩ - ⁦‎09:‎55⁩";"21 июн. 2021 г.";""
"⁦‎09:‎52⁩ - ⁦‎10:‎56⁩";"18 июн. 2021 г.";""
;;---------- Бег ----------
Значение;Дата;Название
"⁦‎16:‎16⁩ - ⁦‎16:‎39⁩";"4 июл. 2021 г.";""
"⁦‎16:‎00⁩ - ⁦‎16:‎16⁩";"4 июл. 2021 г.";""
;;---------- Водные виды спорта ----------
Значение;Дата;Название
"⁦‎17:‎40⁩ - ⁦‎18:‎40⁩";"4 июл. 2021 г.";"Вейкборд"
;;---------- БЛОГГИНГ ----------
Значение;Дата;Название
"⁦‎17:‎17⁩ - ⁦‎17:‎27⁩";"2 авг. 2021 г.";""
"⁦‎16:‎02⁩ - ⁦‎16:‎59⁩";"2 авг. 2021 г.";""
"⁦‎16:‎29⁩ - ⁦‎16:‎45⁩";"6 июл. 2021 г.";""
"⁦‎12:‎12⁩ - ⁦‎12:‎39⁩";"6 июл. 2021 г.";""
"⁦‎10:‎29⁩ - ⁦‎11:‎23⁩";"1 июл. 2021 г.";""
"⁦‎10:‎00⁩ - ⁦‎10:‎20⁩";"1 июл. 2021 г.";""
"⁦‎00:‎59⁩ - ⁦‎01:‎50⁩";"22 июн. 2021 г.";""
"⁦‎00:‎00⁩ - ⁦‎00:‎59⁩";"22 июн. 2021 г.";""
"⁦‎00:‎34⁩ - ⁦‎01:‎00⁩";"17 июн. 2021 г.";""
"⁦‎00:‎30⁩ - ⁦‎01:‎30⁩";"15 июн. 2021 г.";""
"⁦‎17:‎59⁩ - ⁦‎18:‎14⁩";"13 июн. 2021 г.";""
"⁦‎23:‎47⁩ - ⁦‎02:‎11⁩";"⁦12⁩ - ⁦13 июн. 2021⁩";""
;;---------- Ведение дневника ----------
Значение;Дата;Название
"⁦‎11:‎07⁩ - ⁦‎11:‎59⁩";"4 авг. 2021 г.";""
;;---------- Обучение блоггингу ----------
Значение;Дата;Название
"⁦‎15:‎23⁩ - ⁦‎16:‎02⁩";"2 авг. 2021 г.";""
;;---------- Написание постов ----------
Значение;Дата;Название
"⁦‎13:‎33⁩ - ⁦‎14:‎26⁩";"4 авг. 2021 г.";""
;;---------- Разбор материалов ----------
Значение;Дата;Название
"⁦‎16:‎52⁩ - ⁦‎18:‎12⁩";"3 авг. 2021 г.";""
"⁦‎17:‎50⁩ - ⁦‎18:‎29⁩";"2 авг. 2021 г.";""
"⁦‎13:‎01⁩ - ⁦‎16:‎02⁩";"2 авг. 2021 г.";""
;;---------- Монтаж видео ----------
Значение;Дата;Название
"⁦‎22:‎00⁩ - ⁦‎00:‎00⁩";"⁦02⁩ - ⁦03 авг. 2021⁩";""
"⁦‎21:‎30⁩ - ⁦‎22:‎00⁩";"2 авг. 2021 г.";""
;;---------- Работа за компом ----------
Значение;Дата;Название
"⁦‎23:‎06⁩ - ⁦‎00:‎45⁩";"⁦17⁩ - ⁦18 июн. 2021⁩";""
;;---------- Мои прочие проекты ----------
Значение;Дата;Название
"⁦‎12:‎39⁩ - ⁦‎13:‎10⁩";"4 авг. 2021 г.";""
"⁦‎12:‎30⁩ - ⁦‎12:‎39⁩";"4 авг. 2021 г.";"Time planner"
"⁦‎12:‎00⁩ - ⁦‎13:‎00⁩";"9 июл. 2021 г.";""
"⁦‎12:‎25⁩ - ⁦‎13:‎28⁩";"2 июл. 2021 г.";""
"⁦‎11:‎38⁩ - ⁦‎12:‎00⁩";"2 июл. 2021 г.";""
"⁦‎10:‎23⁩ - ⁦‎11:‎23⁩";"2 июл. 2021 г.";""
"‪⁨‎2с⁩‬‬‎, к ⁦‎15:‎03⁩";"1 июл. 2021 г.";""
"⁦‎12:‎40⁩ - ⁦‎12:‎54⁩";"1 июл. 2021 г.";""
"⁦‎12:‎20⁩ - ⁦‎12:‎37⁩";"1 июл. 2021 г.";"PianoCalc"
"⁦‎22:‎07⁩ - ⁦‎23:‎17⁩";"22 июн. 2021 г.";""
"⁦‎13:‎17⁩ - ⁦‎13:‎43⁩";"21 июн. 2021 г.";""
"⁦‎13:‎00⁩ - ⁦‎13:‎15⁩";"21 июн. 2021 г.";"Botstation"
;;---------- Проект FastLikes ----------
Значение;Дата;Название
"⁦‎15:‎58⁩ - ⁦‎19:‎10⁩";"9 июл. 2021 г.";""
"⁦‎14:‎18⁩ - ⁦‎16:‎53⁩";"8 июл. 2021 г.";""
"⁦‎13:‎15⁩ - ⁦‎13:‎49⁩";"8 июл. 2021 г.";""
"⁦‎12:‎34⁩ - ⁦‎12:‎48⁩";"8 июл. 2021 г.";""
"⁦‎22:‎00⁩ - ⁦‎02:‎00⁩";"⁦28⁩ - ⁦29 июн. 2021⁩";""
;;---------- ОБЩЕНИЕ С БЛИЗКИМИ ----------
Значение;Дата;Название
"⁦‎18:‎30⁩ - ⁦‎18:‎50⁩";"2 июл. 2021 г.";""
;;---------- ЕЛЕНА ----------
Значение;Дата;Название
"⁦‎19:‎40⁩ - ⁦‎20:‎27⁩";"15 июл. 2021 г.";""
"⁦‎20:‎13⁩ - ⁦‎20:‎53⁩";"18 июн. 2021 г.";""
"⁦‎13:‎42⁩ - ⁦‎15:‎06⁩";"13 июн. 2021 г.";"Гуляем с Еленой"
;;---------- РОДИТЕЛИ  ----------
Значение;Дата;Название
"⁦‎13:‎40⁩ - ⁦‎14:‎00⁩";"14 июл. 2021 г.";"Ищем Вове работу"
"⁦‎21:‎30⁩ - ⁦‎22:‎54⁩";"5 июл. 2021 г.";""
"⁦‎20:‎30⁩ - ⁦‎21:‎30⁩";"5 июл. 2021 г.";""
"⁦‎21:‎59⁩ - ⁦‎22:‎08⁩";"2 июл. 2021 г.";""
"⁦‎21:‎00⁩ - ⁦‎21:‎59⁩";"2 июл. 2021 г.";""
"‪⁨‎30м⁩ ⁨‎18с⁩‬‬‎, к ⁦‎18:‎21⁩";"13 июн. 2021 г.";""
;;---------- СОБЕСЕДОВАНИЯ ----------
Значение;Дата;Название
"⁦‎12:‎00⁩ - ⁦‎12:‎54⁩";"25 июн. 2021 г.";""
"⁦‎16:‎00⁩ - ⁦‎16:‎32⁩";"23 июн. 2021 г.";"Газпром этп"
"⁦‎19:‎00⁩ - ⁦‎21:‎02⁩";"22 июн. 2021 г.";""
"⁦‎11:‎00⁩ - ⁦‎13:‎54⁩";"18 июн. 2021 г.";""
"⁦‎18:‎20⁩ - ⁦‎18:‎21⁩";"16 июн. 2021 г.";""
"‪⁨‎0с⁩‬‬‎, к ⁦‎17:‎45⁩";"16 июн. 2021 г.";""
"⁦‎16:‎10⁩ - ⁦‎16:‎50⁩";"16 июн. 2021 г.";""
"‪⁨‎4с⁩‬‬‎, к ⁦‎11:‎13⁩";"16 июн. 2021 г.";""
"⁦‎10:‎45⁩ - ⁦‎10:‎54⁩";"16 июн. 2021 г.";"Обзор вакансий"
"‪⁨‎30м⁩ ⁨‎2с⁩‬‬‎, к ⁦‎14:‎30⁩";"15 июн. 2021 г.";""
"⁦‎19:‎21⁩ - ⁦‎20:‎04⁩";"11 июн. 2021 г.";""
"⁦‎18:‎54⁩ - ⁦‎19:‎21⁩";"11 июн. 2021 г.";""
"⁦‎18:‎38⁩ - ⁦‎18:‎53⁩";"11 июн. 2021 г.";""
"⁦‎17:‎34⁩ - ⁦‎18:‎04⁩";"11 июн. 2021 г.";""
"⁦‎15:‎59⁩ - ⁦‎16:‎45⁩";"11 июн. 2021 г.";""
;;---------- ТРАНСПОРТ ----------
Значение;Дата;Название
"⁦‎09:‎30⁩ - ⁦‎11:‎00⁩";"12 июл. 2021 г.";""
"⁦‎22:‎19⁩ - ⁦‎23:‎42⁩";"9 июл. 2021 г.";""
"⁦‎21:‎30⁩ - ⁦‎23:‎30⁩";"4 июл. 2021 г.";"Элка"
"⁦‎13:‎30⁩ - ⁦‎15:‎25⁩";"4 июл. 2021 г.";""
"⁦‎16:‎45⁩ - ⁦‎17:‎37⁩";"3 июл. 2021 г.";""
"⁦‎18:‎38⁩ - ⁦‎19:‎19⁩";"1 июл. 2021 г.";""
"⁦‎21:‎30⁩ - ⁦‎22:‎19⁩";"20 июн. 2021 г.";""
"⁦‎18:‎29⁩ - ⁦‎19:‎34⁩";"18 июн. 2021 г.";""
;;---------- МЕДИЦИНА ----------
Значение;Дата;Название
"⁦‎16:‎20⁩ - ⁦‎16:‎39⁩";"17 июн. 2021 г.";""
"⁦‎15:‎50⁩ - ⁦‎16:‎08⁩";"17 июн. 2021 г.";"ЭКГ и флюорография"
"⁦‎10:‎56⁩ - ⁦‎12:‎10⁩";"15 июн. 2021 г.";""
;;---------- Уход за собой ----------
Значение;Дата;Название
"⁦‎10:‎20⁩ - ⁦‎10:‎56⁩";"24 июн. 2021 г.";"Парикмахер"
;;---------- Продажа вещей ----------
Значение;Дата;Название
"⁦‎11:‎41⁩ - ⁦‎12:‎18⁩";"29 июн. 2021 г.";""
"⁦‎11:‎30⁩ - ⁦‎11:‎41⁩";"29 июн. 2021 г.";""
"⁦‎16:‎08⁩ - ⁦‎16:‎35⁩";"28 июн. 2021 г.";""
;;---------- Мимимишности ----------
Значение;Дата;Название
"⁦‎09:‎30⁩ - ⁦‎10:‎30⁩";"7 июл. 2021 г.";""
"⁦‎09:‎00⁩ - ⁦‎11:‎00⁩";"3 июл. 2021 г.";""
;;---------- МАГАЗИНЫ / ШОППИНГ ----------
Значение;Дата;Название
"⁦‎10:‎00⁩ - ⁦‎10:‎45⁩";"2 авг. 2021 г.";"Продукты"
"⁦‎18:‎41⁩ - ⁦‎18:‎58⁩";"16 июн. 2021 г.";""
"⁦‎18:‎15⁩ - ⁦‎18:‎40⁩";"16 июн. 2021 г.";""
;;---------- mishaikon@gmail.com ----------
Значение;Дата;Название
"‪⁨‎25м⁩‬‬‎, к ⁦‎11:‎36⁩";"4 авг. 2021 г.";""
"‪⁨‎24м⁩ ⁨‎58с⁩‬‬‎, к ⁦‎11:‎37⁩";"3 авг. 2021 г.";""
"‪⁨‎1с⁩‬‬‎, к ⁦‎11:‎36⁩";"3 авг. 2021 г.";""
"‪⁨‎25м⁩‬‬‎, к ⁦‎12:‎38⁩";"2 авг. 2021 г.";""
"‪⁨‎24м⁩ ⁨‎55с⁩‬‬‎, к ⁦‎15:‎45⁩";"15 июл. 2021 г.";""
"‪⁨‎4с⁩‬‬‎, к ⁦‎15:‎44⁩";"15 июл. 2021 г.";""
"‪⁨‎24м⁩ ⁨‎56с⁩‬‬‎, к ⁦‎11:‎50⁩";"12 июл. 2021 г.";""
"‪⁨‎3с⁩‬‬‎, к ⁦‎11:‎50⁩";"12 июл. 2021 г.";""
"⁦‎11:‎21⁩ - ⁦‎11:‎38⁩";"9 июл. 2021 г.";""
"⁦‎11:‎43⁩ - ⁦‎12:‎10⁩";"8 июл. 2021 г.";""
"‪⁨‎23м⁩ ⁨‎52с⁩‬‬‎, к ⁦‎11:‎56⁩";"7 июл. 2021 г.";""
"⁦‎11:‎20⁩ - ⁦‎11:‎45⁩";"6 июл. 2021 г.";""
"⁦‎11:‎21⁩ - ⁦‎12:‎00⁩";"5 июл. 2021 г.";""
"⁦‎11:‎23⁩ - ⁦‎12:‎00⁩";"2 июл. 2021 г.";""
"⁦‎11:‎24⁩ - ⁦‎12:‎23⁩";"1 июл. 2021 г.";""
"⁦‎11:‎21⁩ - ⁦‎11:‎36⁩";"28 июн. 2021 г.";""
"⁦‎11:‎31⁩ - ⁦‎12:‎08⁩";"24 июн. 2021 г.";""
"⁦‎11:‎09⁩ - ⁦‎12:‎02⁩";"23 июн. 2021 г.";""
"⁦‎11:‎28⁩ - ⁦‎11:‎56⁩";"21 июн. 2021 г.";""
"⁦‎18:‎20⁩ - ⁦‎18:‎21⁩";"13 июн. 2021 г.";""
"⁦‎17:‎11⁩ - ⁦‎21:‎37⁩";"12 июн. 2021 г.";""
"⁦‎16:‎27⁩ - ⁦‎16:‎52⁩";"12 июн. 2021 г.";""
